Seller,Buyer
VUZXR,TCCTN
TCCTN,GPAPJ
GPAPJ,NXRVO
NXRVO,WSDNZ
WSDNZ,JQZFM
JQZFM,GHQPD
QTVRO,AJIIV
AJIIV,YTTVN
YTTVN,FUDUC
FUDUC,HGDTU
HGDTU,JEUAJ
JEUAJ,SPFCY
LLCCM,UFQQT
UFQQT,HJSDU
HJSDU,POZAN
TWSIT,BRCDC
BRCDC,CNJDH
CNJDH,EUGGI
EUGGI,DOQPY
DOQPY,JOBQV
JOBQV,RBHWT
QTVRO,YULIU
YULIU,KXSIK
NKRKT,QNTMY
UFQQT,MKEXX
MKEXX,HNOAM
VTJUQ,ABNMT
UFQQT,GGXSO
GGXSO,REHIF
REHIF,JASYT
HYGCD,ILWKV
ILWKV,ODLYE
ODLYE,COUPO
NKRKT,VKEDW
DOQPY,GPSNN
RBHWT,BFOTH
QTVRO,ZAEIS
ZAEIS,XVZMK
XVZMK,ADMBU
ADMBU,SNKUJ
SNKUJ,QPYNT
QPYNT,RICMT
VUZXR,OARCD
OARCD,YUYQF
YUYQF,MVHKT
MVHKT,HXLPE
QYVUJ,KIVKB
KIVKB,OOLYI
TWSIT,TGBIS
AJIIV,QGNXH
TCCTN,RYFUG
EUGGI,ZZWDL
ZZWDL,SZBLX
SZBLX,YOCPL
LLCCM,JHRNL
JHRNL,YSFOX
YSFOX,VZSBD
VZSBD,HAZWD
HAZWD,QJKSM
TCCTN,NBTNT
LLCCM,SKWVK
COUPO,OVKKO
OVKKO,DHPKX
DHPKX,GZOZH
HAZWD,RPVTL
RPVTL,IKQTD
OOZSK,QNBDO
QNBDO,JPGEF
TWSIT,DVCQX
DVCQX,MSMHX
DHPKX,HKAHI
HKAHI,WAITL
TWSIT,EEKER
EEKER,WYYDP
WYYDP,AHSIZ
AHSIZ,FQQHW
OOZSK,IDSWK
IDSWK,GJZJK
GJZJK,UBZVI
HYGCD,IVERQ
IVERQ,AIWOZ
AIWOZ,WMZKE
WMZKE,NQETG
NQETG,XOTWO
XOTWO,ITKJD
OOZSK,ZNFBC
AHSIZ,BMOQD
BMOQD,ZYSKW
VUZXR,DSDBG
DSDBG,TRPEN
TRPEN,LMTJW
HGDTU,OXOND
VZSBD,LZQLE
LZQLE,AARIU
OOZSK,BAJWR
BAJWR,EOWNT
EOWNT,VCRHZ
VCRHZ,KMDTS
KMDTS,IEBUQ
IEBUQ,UWCAT
